{"MSE": 2.4501972766652353, "_timestamp": 1685971650.0084944, "_runtime": 7.9626994132995605, "_step": 0, "_wandb": {"runtime": 11}}