{"MSE": 2.466261180532958, "_timestamp": 1685971583.2885883, "_runtime": 3.95489239692688, "_step": 0, "_wandb": {"runtime": 3}}