{"MSE": 2.4545928936253345, "_timestamp": 1685971625.8094523, "_runtime": 4.6328582763671875, "_step": 0, "_wandb": {"runtime": 4}}