{"MSE": 2.485650573186055, "_timestamp": 1685971571.213325, "_runtime": 2.801542043685913, "_step": 0, "_wandb": {"runtime": 2}}