{"MSE": 2.453252581739582, "_timestamp": 1685971605.4182916, "_runtime": 5.205328464508057, "_step": 0, "_wandb": {"runtime": 5}}