{"MSE": 2.453983836538874, "_timestamp": 1685969687.829656, "_runtime": 10.509950876235962, "_step": 0, "_wandb": {"runtime": 10}}